CustomerID,Recency,Frequency,Monetary,Cluster
12346.0,9,9,203.5,2
12358.0,55,1,1429.83,0
12359.0,46,2,838.89,0
12361.0,5,1,109.2,1
12362.0,61,1,130.0,0
12404.0,5,1,63.24,1
12406.0,20,1,881.2,1
12417.0,23,3,722.15,1
12422.0,44,1,75.0,0
12431.0,17,2,1120.27,1
12435.0,60,1,1008.0,0
12437.0,12,3,1188.06,1
12439.0,5,2,1142.88,1
12440.0,40,1,568.51,0
12443.0,55,1,485.31,0
12455.0,44,1,1636.43,0
12466.0,5,1,56.73,1
12468.0,5,1,441.23,1
12470.0,12,1,211.95,1
12471.0,5,12,4302.66,2
12472.0,48,1,1286.43,0
12484.0,2,2,660.15,1
12487.0,53,1,285.3,0
12490.0,61,1,603.94,0
12510.0,9,4,2967.33,1
12523.0,55,1,74.56,0
12531.0,9,1,1807.98,1
12533.0,61,1,929.9200000000001,0
12539.0,39,2,5149.06,0
12540.0,21,2,1172.8400000000001,1
12549.0,4,4,1159.3700000000001,1
12555.0,5,1,129.23,1
12557.0,45,1,1952.64,0
12570.0,5,1,77.52,1
12577.0,59,1,210.55,0
12583.0,56,1,817.4399999999999,0
12586.0,46,1,422.35,0
12589.0,12,1,715.5,1
12600.0,5,4,923.0,1
12606.0,5,1,21.0,1
12609.0,42,1,330.6,0
12613.0,48,1,1333.1100000000001,0
12623.0,19,1,1579.72,1
12631.0,16,1,738.1800000000001,1
12636.0,62,1,141.0,0
12644.0,17,1,671.93,1
12647.0,18,1,1383.41,1
12648.0,24,1,205.75,1
12649.0,16,2,385.5,1
12664.0,49,1,549.08,0
12678.0,23,2,2310.3,1
12681.0,5,3,2288.61,1
12682.0,18,4,1927.3,1
12683.0,42,2,1233.36,0
12703.0,7,1,557.53,1
12708.0,9,2,529.12,1
12709.0,5,5,3351.8,1
12712.0,53,1,333.8,0
12714.0,23,2,2652.84,1
12733.0,12,1,1130.22,1
12745.0,5,1,201.56,1
12747.0,46,3,1032.0,0
12748.0,5,12,2399.9900000000002,2
12755.0,16,1,2.95,1
12758.0,61,1,2454.68,0
12759.0,58,1,508.26,0
12779.0,60,1,371.82,0
12785.0,54,1,366.9,0
12789.0,16,1,89.25,1
12813.0,16,1,244.2,1
12820.0,19,2,483.28999999999996,1
12823.0,2,1,416.5,1
12826.0,44,1,458.2,0
12835.0,3,10,1598.09,2
12836.0,10,2,667.97,1
12839.0,5,4,1095.08,1
12842.0,61,1,397.20000000000005,0
12843.0,4,2,87.69,1
12846.0,5,1,15.58,1
12854.0,51,1,522.44,0
12857.0,6,1,204.6,1
12860.0,16,1,54.22,1
12867.0,46,1,286.49,0
12869.0,4,1,337.66999999999996,1
12872.0,3,2,647.5500000000001,1
12873.0,5,1,492.4,1
12875.0,20,1,305.28000000000003,1
12877.0,13,1,299.49,1
12905.0,5,1,593.66,1
12913.0,20,3,1220.73,1
12916.0,7,1,379.33000000000004,1
12917.0,53,1,1552.9,0
12920.0,48,2,138.9,0
12921.0,4,6,3324.37,1
12924.0,48,3,280.35,0
12926.0,48,1,370.77,0
12931.0,3,4,1773.95,1
12933.0,52,1,155.79,0
12934.0,59,1,181.65,0
12937.0,45,2,314.57,0
12939.0,19,1,495.0,1
12941.0,47,1,377.49,0
12948.0,53,2,252.48,0
12949.0,2,3,3225.9700000000003,1
12951.0,21,1,168.3,1
12956.0,7,3,413.82,1
12957.0,51,1,1107.95,0
12970.0,58,1,237.99,0
12971.0,10,3,404.65,1
12975.0,56,1,441.63,0
12978.0,10,3,1447.83,1
12979.0,52,1,517.7,0
12980.0,20,2,1480.8000000000002,1
12986.0,10,1,303.87,1
12987.0,12,1,282.33,1
12989.0,2,3,551.34,1
12992.0,48,1,93.35,0
13000.0,48,1,497.65,0
13001.0,6,2,1921.85,1
13004.0,14,3,1099.71,1
13008.0,46,1,189.31,0
13013.0,48,1,756.51,0
13019.0,52,2,445.3,0
13021.0,57,1,233.71,0
13025.0,55,1,323.39,0
13026.0,49,1,335.98,0
13027.0,10,2,576.0,1
13036.0,7,1,307.1,1
13037.0,13,2,604.69,1
13039.0,45,1,162.8,0
13042.0,55,1,665.15,0
13044.0,23,1,177.35000000000002,1
13047.0,24,2,870.28,1
13048.0,4,1,394.6,1
13050.0,17,2,671.11,1
13070.0,55,1,154.2,0
13074.0,13,2,634.0,1
13077.0,45,2,638.59,0
13078.0,9,6,3221.13,1
13081.0,24,2,5963.4800000000005,1
13082.0,40,2,192.18,0
13085.0,2,6,2017.2,1
13087.0,49,1,313.64,0
13089.0,3,10,6394.37,2
13091.0,52,2,1976.0,0
13093.0,3,6,3433.55,1
13097.0,5,4,1770.55,1
13101.0,4,1,168.55,1
13110.0,13,2,552.08,1
13111.0,42,1,321.88000000000005,0
13114.0,54,1,234.38,0
13136.0,54,1,549.09,0
13141.0,6,2,1376.91,1
13148.0,10,2,843.9000000000001,1
13152.0,18,1,480.47,1
13154.0,59,1,337.1,0
13162.0,18,4,2782.4900000000002,1
13173.0,13,3,587.7900000000001,1
13174.0,3,3,1547.17,1
13175.0,58,1,319.15,0
13178.0,14,2,1227.54,1
13190.0,55,1,147.1,0
13192.0,10,1,724.92,1
13199.0,23,2,520.56,1
13202.0,53,1,320.2,0
13203.0,45,1,339.9,0
13204.0,54,1,966.6600000000001,0
13206.0,6,5,4074.88,1
13208.0,59,1,61.12,0
13209.0,7,1,257.3,1
13211.0,56,1,235.84,0
13225.0,46,1,1425.3,0
13233.0,17,1,290.63,1
13234.0,55,1,228.4,0
13249.0,7,1,76.4,1
13253.0,26,1,974.39,1
13259.0,1,2,250.8,1
13266.0,45,1,295.55,0
13267.0,2,4,1389.54,1
13269.0,45,3,526.62,0
13287.0,27,1,264.38,1
13289.0,46,1,307.95,0
13313.0,6,3,695.99,1
13315.0,12,1,310.26000000000005,1
13317.0,49,1,416.82,0
13319.0,16,5,2103.56,1
13327.0,5,3,1392.82,1
13329.0,58,1,334.65,0
13338.0,26,1,757.1,1
13360.0,17,2,715.15,1
13373.0,56,1,748.42,0
13381.0,61,1,17.4,0
13382.0,55,1,255.04000000000002,0
13393.0,47,2,389.7,0
13394.0,24,2,1004.36,1
13397.0,12,1,323.0,1
13403.0,46,1,78.6,0
13405.0,47,1,146.45999999999998,0
13408.0,25,7,3083.18,1
13410.0,21,2,682.9200000000001,1
13413.0,10,1,17.49,1
13415.0,51,1,466.92,0
13416.0,59,1,228.3,0
13418.0,51,1,811.76,0
13426.0,46,2,942.27,0
13427.0,45,1,96.0,0
13433.0,20,1,95.2,1
13442.0,26,2,316.1,1
13448.0,3,3,1634.4,1
13455.0,40,2,431.65,0
13457.0,12,2,148.22,1
13459.0,5,1,630.79,1
13462.0,12,2,377.52,1
13468.0,4,5,1457.73,1
13473.0,47,1,388.74,0
13477.0,6,1,422.70000000000005,1
13480.0,2,1,493.94,1
13481.0,58,1,311.2,0
13485.0,54,2,204.70000000000002,0
13487.0,57,1,103.95,0
13488.0,6,1,350.73,1
13491.0,17,4,983.74,1
13495.0,47,2,819.91,0
13498.0,53,1,327.38,0
13510.0,41,1,266.7,0
13514.0,5,1,346.3,1
13520.0,45,1,589.4,0
13526.0,61,2,1182.0,0
13527.0,7,2,754.69,1
13531.0,59,1,311.7,0
13542.0,42,2,420.90999999999997,0
13543.0,10,1,588.45,1
13555.0,12,2,815.28,1
13557.0,3,4,1026.32,1
13562.0,17,1,939.4,1
13564.0,6,6,1837.79,1
13571.0,54,1,111.24000000000001,0
13576.0,18,2,759.63,1
13577.0,45,3,399.4,0
13583.0,2,1,664.001,1
13585.0,61,1,12.75,0
13589.0,56,1,269.15,0
13590.0,4,2,915.62,1
13591.0,48,1,53.2,0
13599.0,47,2,975.59,0
13610.0,5,2,451.83,1
13611.0,60,1,337.93,0
13615.0,3,1,808.15,1
13616.0,14,1,178.0,1
13622.0,19,1,658.95,1
13623.0,10,2,1041.14,1
13634.0,14,2,440.3,1
13635.0,47,2,797.15,0
13641.0,41,4,781.86,0
13643.0,54,1,311.8,0
13648.0,61,1,263.09000000000003,0
13650.0,6,1,505.13,1
13654.0,60,1,159.98000000000002,0
13666.0,58,1,19.5,0
13668.0,11,2,831.3,1
13672.0,53,1,233.53,0
13679.0,58,1,126.8,0
13680.0,17,4,3922.3700000000003,1
13693.0,7,5,904.4100000000001,1
13694.0,3,24,40029.29,3
13698.0,5,1,184.3,1
13709.0,20,1,306.74,1
13711.0,7,4,1019.9,1
13727.0,24,2,223.65,1
13728.0,23,2,329.1,1
13729.0,7,1,357.88,1
13733.0,58,1,149.1,0
13735.0,10,2,1024.32,1
13736.0,56,1,710.84,0
13740.0,60,1,296.69,0
13748.0,61,1,173.1,0
13753.0,59,1,642.2,0
13756.0,11,2,409.14,1
13758.0,4,3,2892.81,1
13762.0,21,1,447.36,1
13767.0,6,5,3265.8,1
13768.0,49,2,875.97,0
13769.0,46,1,214.25,0
13770.0,53,1,174.33,0
13777.0,14,6,7712.5599999999995,1
13781.0,44,1,314.44,0
13782.0,14,2,267.13,1
13786.0,59,1,723.09,0
13787.0,17,1,164.34,1
13798.0,4,8,4024.2200000000003,2
13800.0,60,1,478.7,0
13807.0,58,1,107.95,0
13813.0,56,1,283.15,0
13819.0,51,2,1082.4,0
13820.0,3,1,227.22,1
13821.0,16,3,660.55,1
13823.0,47,1,391.55,0
13825.0,53,1,143.36,0
13831.0,3,5,2006.02,1
13847.0,42,1,310.72,0
13848.0,53,1,480.0,0
13851.0,2,1,199.29999999999998,1
13854.0,23,1,228.67,1
13855.0,44,2,809.1,0
13869.0,14,1,1232.88,1
13871.0,42,1,554.0,0
13872.0,49,1,252.12,0
13875.0,45,1,164.59,0
13877.0,12,1,154.82999999999998,1
13883.0,54,1,24.65,0
13889.0,9,1,319.38,1
13890.0,56,1,213.65,0
13895.0,59,1,831.0,0
13901.0,27,1,279.11,1
13902.0,10,2,7419.06,1
13905.0,55,1,312.65,0
13907.0,14,1,136.8,1
13921.0,44,1,102.75,0
13929.0,18,1,179.7,1
13931.0,48,3,1630.06,0
13941.0,4,2,1113.1399999999999,1
13946.0,58,1,280.2,0
13948.0,58,1,155.65,0
13952.0,47,1,1226.79,0
13953.0,51,1,500.0,0
13958.0,57,2,811.55,0
13965.0,26,1,588.31,1
13971.0,6,1,267.22,1
13979.0,60,1,203.78,0
13982.0,11,1,772.75,1
13983.0,17,2,1282.37,1
13984.0,55,2,259.5,0
13993.0,59,1,556.75,0
13995.0,44,1,143.70000000000002,0
13999.0,21,3,1013.35,1
14000.0,61,1,192.0,0
14003.0,56,1,209.41,0
14016.0,23,1,1190.46,1
14030.0,52,2,719.45,0
14031.0,9,7,5997.35,1
14032.0,6,3,922.98,1
14037.0,7,2,457.22,1
14040.0,11,3,1354.04,1
14042.0,48,1,431.98,0
14043.0,52,1,164.31,0
14044.0,7,1,236.23,1
14045.0,24,1,396.0,1
14051.0,24,3,1466.3400000000001,1
14055.0,46,1,274.32,0
14057.0,59,1,119.53999999999999,0
14061.0,47,2,553.43,0
14062.0,17,3,2976.1800000000003,1
14063.0,9,7,9471.5,2
14064.0,10,1,412.15000000000003,1
14070.0,7,1,321.6,1
14079.0,5,1,243.63,1
14080.0,53,2,414.65,0
14081.0,19,2,1354.96,1
14083.0,44,1,64.17,0
14085.0,41,4,1836.01,0
14087.0,58,1,235.44,0
14091.0,21,1,5520.0,1
14092.0,18,2,425.05,1
14095.0,45,1,2.95,0
14099.0,2,2,796.46,1
14105.0,44,1,646.3000000000001,0
14106.0,60,1,214.8,0
14107.0,53,1,163.26,0
14108.0,54,2,447.05,0
14110.0,45,2,676.5,0
14113.0,46,4,1055.19,0
14119.0,41,1,66.47999999999999,0
14122.0,51,2,131.58999999999997,0
14123.0,56,1,436.18,0
14130.0,51,1,339.87,0
14133.0,56,1,305.5,0
14134.0,47,2,1745.24,0
14135.0,53,2,1489.2,0
14136.0,16,2,609.1800000000001,1
14137.0,18,1,332.7,1
14146.0,18,1,748.91,1
14151.0,39,1,352.05,0
14154.0,18,1,530.34,1
14156.0,5,21,62082.950000000004,3
14159.0,59,1,393.65,0
14160.0,10,2,4028.18,1
14161.0,49,1,505.13,0
14167.0,4,1,151.95,1
14171.0,53,1,135.0,0
14173.0,53,1,23.6,0
14191.0,51,1,15.9,0
14194.0,7,2,1164.82,1
14198.0,27,1,135.25,1
14204.0,60,1,371.27000000000004,0
14207.0,11,1,157.8,1
14209.0,9,1,256.95,1
14210.0,25,1,627.91,1
14211.0,5,2,408.40000000000003,1
14215.0,11,2,1259.1100000000001,1
14225.0,19,1,643.5,1
14238.0,57,1,159.1,0
14239.0,19,3,474.7,1
14241.0,19,1,120.0,1
14249.0,2,1,327.95,1
14256.0,17,1,940.3000000000001,1
14258.0,4,3,4512.4800000000005,1
14274.0,9,1,256.6,1
14277.0,18,2,587.87,1
14279.0,4,1,110.5,1
14285.0,54,1,151.2,0
14286.0,59,1,1610.52,0
14290.0,54,1,870.63,0
14291.0,53,1,408.51000000000005,0
14293.0,10,3,1259.35,1
14295.0,53,2,598.85,0
14298.0,51,2,2173.7999999999997,0
14299.0,4,5,3415.9,1
14302.0,61,1,114.60000000000001,0
14307.0,55,1,242.1,0
14320.0,10,1,216.22,1
14324.0,16,1,361.81,1
14327.0,23,1,328.62,1
14329.0,7,2,948.42,1
14341.0,47,2,592.69,0
14343.0,13,1,250.15,1
14347.0,59,1,82.60000000000001,0
14365.0,5,1,324.5,1
14376.0,6,1,215.46,1
14380.0,5,1,48.96,1
14388.0,11,1,322.29,1
14396.0,7,2,766.36,1
14401.0,44,2,831.03,0
14404.0,14,3,390.38,1
14408.0,55,1,321.00000000000006,0
14413.0,5,2,465.5,1
14415.0,46,1,507.98,0
14420.0,14,1,400.8,1
14421.0,6,2,1021.5,1
14422.0,26,2,675.46,1
14423.0,17,1,244.8,1
14425.0,45,2,422.29,0
14431.0,10,1,537.25,1
14439.0,7,2,3939.08,1
14440.0,9,2,1532.45,1
14441.0,13,1,369.44,1
14442.0,13,1,838.75,1
14451.0,14,1,110.43,1
14454.0,56,1,125.94,0
14460.0,47,1,155.34,0
14461.0,13,1,305.44,1
14465.0,4,2,590.22,1
14466.0,17,2,440.65,1
14467.0,60,1,109.84,0
14468.0,56,1,204.24,0
14469.0,2,1,421.45,1
14471.0,55,1,208.82999999999998,0
14472.0,12,1,266.05,1
14477.0,27,1,165.0,1
14478.0,5,2,578.68,1
14479.0,56,1,355.13,0
14480.0,41,1,303.85,0
14483.0,59,1,120.0,0
14484.0,45,1,435.45,0
14494.0,54,1,114.3,0
14505.0,41,2,1377.68,0
14507.0,52,1,171.5,0
14512.0,55,1,153.28,0
14514.0,6,2,1365.19,1
14519.0,6,2,203.14,1
14522.0,7,1,200.2,1
14525.0,12,2,596.4499999999999,1
14527.0,5,13,8232.22,2
14530.0,10,1,192.13,1
14532.0,21,1,275.95,1
14538.0,6,1,452.6,1
14540.0,7,3,807.19,1
14541.0,24,1,202.73000000000002,1
14543.0,45,4,1247.2,0
14546.0,56,1,546.48,0
14548.0,56,2,596.18,0
14549.0,60,1,313.27,0
14551.0,4,1,148.85,1
14555.0,44,1,290.65,0
14556.0,11,1,331.41,1
14558.0,3,2,388.05,1
14560.0,2,4,1233.47,1
14564.0,59,1,989.1800000000001,0
14573.0,23,1,236.8,1
14574.0,55,1,143.70000000000002,0
14577.0,4,2,320.79,1
14590.0,17,5,840.91,1
14593.0,53,1,418.05,0
14595.0,11,1,202.35,1
14605.0,54,2,208.6,0
14606.0,4,15,3051.39,2
14607.0,47,1,2320.2,0
14608.0,52,2,581.22,0
14613.0,3,1,76.32000000000001,1
14621.0,7,1,518.35,1
14625.0,4,2,1034.07,1
14626.0,24,2,768.98,1
14628.0,6,1,379.13,1
14640.0,9,1,286.18,1
14643.0,51,1,350.68,0
14644.0,59,1,338.5,0
14646.0,5,9,43593.79,3
14648.0,52,1,195.23,0
14649.0,11,1,516.89,1
14653.0,5,3,1125.45,1
14654.0,61,1,246.86,0
14662.0,59,1,110.69999999999999,0
14667.0,17,4,1676.17,1
14669.0,60,1,811.53,0
14670.0,55,1,190.47,0
14672.0,3,1,155.86,1
14679.0,54,1,438.74,0
14680.0,5,6,2643.44,1
14685.0,21,5,2670.86,1
14695.0,55,2,911.6800000000001,0
14701.0,7,1,472.18,1
14702.0,3,3,1129.95,1
14709.0,27,2,661.5,1
14710.0,53,2,73.5,0
14713.0,10,2,349.23,1
14714.0,10,1,149.0,1
14715.0,12,1,286.43,1
14717.0,56,1,81.3,0
14723.0,58,1,141.63,0
14732.0,24,3,872.35,1
14735.0,6,4,801.45,1
14738.0,55,1,311.2,0
14739.0,51,2,1253.31,0
14750.0,59,1,112.03,0
14751.0,7,2,126.45,1
14754.0,13,1,356.61,1
14755.0,17,3,746.75,1
14769.0,24,2,1478.38,1
14771.0,60,1,287.37,0
14790.0,42,2,567.96,0
14796.0,2,2,474.59000000000003,1
14799.0,60,1,180.45000000000002,0
14819.0,41,1,29.79,0
14826.0,18,1,177.9,1
14828.0,4,3,2984.36,1
14831.0,3,3,1676.57,1
14837.0,7,1,277.68,1
14838.0,60,1,119.10000000000001,0
14839.0,27,1,425.06,1
14841.0,41,3,1215.8,0
14849.0,21,1,497.2,1
14854.0,10,1,302.06,1
14861.0,19,2,500.83,1
14865.0,61,1,31.200000000000003,0
14867.0,20,2,336.84000000000003,1
14869.0,46,1,371.48,0
14870.0,7,1,332.55,1
14871.0,47,2,319.65,0
14879.0,7,1,185.06,1
14892.0,14,1,202.35000000000002,1
14894.0,60,1,299.70000000000005,0
14895.0,51,2,1817.55,0
14896.0,56,1,298.25,0
14897.0,47,1,301.16,0
14898.0,49,2,662.71,0
14905.0,59,1,258.1,0
14911.0,3,21,18593.38,2
14912.0,5,1,39.67,1
14915.0,59,1,202.06,0
14940.0,56,1,182.01,0
14942.0,52,1,109.35,0
14949.0,13,2,212.09,1
14952.0,4,3,1176.98,1
14954.0,26,1,167.27,1
14955.0,55,1,163.77,0
14958.0,59,1,186.36,0
14961.0,48,2,2608.4700000000003,0
14966.0,46,2,324.46999999999997,0
14967.0,59,1,236.25,0
14969.0,26,1,906.23,1
14977.0,48,1,31.93,0
14979.0,58,1,429.66,0
14980.0,60,1,150.68,0
14983.0,12,1,183.20000000000002,1
14984.0,20,1,117.0,1
14986.0,7,1,323.38,1
14987.0,41,4,566.6999999999999,0
14990.0,53,1,200.24,0
15002.0,5,2,1067.6299999999999,1
15003.0,5,1,361.71,1
15005.0,13,4,1089.18,1
15015.0,18,2,247.4,1
15031.0,17,2,523.8,1
15032.0,52,1,1505.4,0
15039.0,5,6,1002.37,1
15044.0,5,5,2898.3,1
15046.0,5,2,664.4300000000001,1
15051.0,61,1,580.02,0
15055.0,46,1,244.42000000000002,0
15057.0,57,1,304.1,0
15059.0,16,2,476.14,1
15061.0,21,10,14756.02,2
15064.0,40,1,324.99,0
15070.0,47,1,324.8,0
15073.0,5,1,478.9,1
15077.0,53,1,873.48,0
15078.0,47,2,753.6600000000001,0
15079.0,54,2,738.53,0
15085.0,52,1,347.54,0
15093.0,19,2,1504.2,1
15095.0,11,1,274.89,1
15100.0,24,1,217.2,1
15109.0,58,1,231.2,0
15115.0,55,1,191.74,0
15126.0,10,1,192.45,1
15137.0,3,1,392.82,1
15144.0,49,1,370.2,0
15152.0,24,1,518.14,1
15157.0,52,1,448.2,0
15162.0,54,1,312.9,0
15164.0,13,1,203.48,1
15169.0,49,1,356.17,0
15179.0,9,2,1684.3,1
15181.0,54,1,162.72,0
15184.0,46,1,123.19,0
15186.0,19,1,163.4,1
15188.0,48,1,310.43,0
15191.0,11,2,342.75,1
15192.0,2,1,311.24,1
15194.0,45,4,1487.04,0
15196.0,49,1,149.7,0
15197.0,51,1,117.96000000000001,0
15198.0,13,1,80.8,1
15203.0,3,2,746.07,1
15209.0,53,1,178.98000000000002,0
15218.0,5,1,374.35,1
15222.0,5,3,1108.34,1
15223.0,14,2,436.6,1
15224.0,16,1,83.4,1
15240.0,57,1,549.77,0
15251.0,2,1,869.88,1
15255.0,60,1,260.44,0
15259.0,6,1,302.55,1
15260.0,55,2,294.85,0
15265.0,61,1,294.14,0
15266.0,9,2,292.2,1
15270.0,45,2,515.2,0
15287.0,60,1,58.2,0
15291.0,20,5,1919.6000000000001,1
15296.0,10,1,1210.43,1
15298.0,13,2,766.45,1
15299.0,19,1,731.52,1
15302.0,53,1,308.0,0
15303.0,7,1,302.2,1
15309.0,58,1,273.75,0
15311.0,2,26,15189.0,2
15312.0,17,2,595.85,1
15324.0,24,1,140.22000000000003,1
15326.0,44,2,718.22,0
15329.0,48,1,318.36,0
15353.0,60,1,271.74,0
15358.0,19,3,1147.56,1
15359.0,2,6,81.6,1
15362.0,62,1,310.75,0
15367.0,52,1,785.62,0
15369.0,20,3,819.6,1
15375.0,13,1,60.959999999999994,1
15380.0,20,3,677.42,1
15382.0,58,1,1523.2,0
15389.0,4,1,854.8,1
15393.0,16,2,363.21000000000004,1
15394.0,47,1,297.4,0
15403.0,53,1,95.75999999999999,0
15409.0,44,1,131.25,0
15413.0,14,5,6798.72,1
15420.0,48,2,229.62,0
15421.0,2,2,750.17,1
15428.0,45,1,184.44,0
15434.0,7,1,285.35,1
15441.0,53,1,301.57,0
15446.0,49,1,123.43,0
15456.0,18,3,619.27,1
15465.0,9,4,925.75,1
15466.0,59,1,740.46,0
15479.0,56,1,147.4,0
15482.0,59,2,325.08000000000004,0
15483.0,7,1,160.10999999999999,1
15484.0,57,1,689.5,0
15485.0,4,3,1222.92,1
15487.0,2,1,231.32,1
15489.0,16,1,214.0,1
15494.0,52,1,893.61,0
15497.0,18,2,806.6,1
15498.0,46,1,3326.7200000000003,0
15499.0,46,1,158.65,0
15503.0,49,1,116.26,0
15513.0,18,1,1273.5,1
15514.0,39,3,1386.44,0
15518.0,5,2,502.98,1
15521.0,26,1,531.72,1
15523.0,52,3,1173.53,0
15527.0,21,2,606.41,1
15534.0,48,1,162.25,0
15542.0,60,2,509.78,0
15544.0,3,1,463.21999999999997,1
15547.0,10,2,1348.2,1
15549.0,4,2,338.8,1
15550.0,19,3,606.04,1
15555.0,56,1,947.39,0
15562.0,49,1,358.56,0
15563.0,3,1,428.8,1
15566.0,47,1,138.22,0
15571.0,56,1,118.25999999999999,0
15573.0,52,1,278.08,0
15577.0,46,2,137.15,0
15581.0,7,12,978.66,2
15586.0,24,1,680.22,1
15601.0,21,5,2136.2400000000002,1
15602.0,3,2,393.2,1
15605.0,17,1,127.7,1
15607.0,16,2,711.08,1
15611.0,2,2,253.05,1
15615.0,3,4,1808.34,1
15623.0,12,2,639.7,1
15628.0,49,1,286.28,0
15633.0,16,2,498.19,1
15637.0,47,1,288.88,0
15640.0,23,2,2147.2400000000002,1
15641.0,7,3,1405.16,1
15642.0,52,1,105.78,0
15658.0,59,1,321.65000000000003,0
15662.0,61,1,105.85,0
15672.0,48,1,45.300000000000004,0
15674.0,54,1,462.46,0
15680.0,7,2,676.23,1
15682.0,10,1,127.47999999999999,1
15684.0,24,2,119.3,1
15691.0,56,1,161.8,0
15694.0,55,1,357.87,0
15695.0,4,1,348.61,1
15696.0,7,1,162.65,1
15697.0,13,1,246.75,1
15702.0,5,1,27.82,1
15711.0,7,1,106.65,1
15712.0,25,2,891.35,1
15713.0,47,1,243.86,0
15716.0,55,1,214.17000000000002,0
15719.0,6,3,1016.92,1
15727.0,7,1,932.82,1
15738.0,3,4,1238.23,1
15747.0,13,1,226.08,1
15750.0,46,2,500.19,0
15751.0,49,4,573.29,0
15755.0,18,2,682.86,1
15759.0,61,1,125.73,0
15766.0,5,1,201.60000000000002,1
15768.0,6,8,4405.78,2
15769.0,21,2,3960.0,1
15771.0,16,1,316.25,1
15785.0,2,2,820.85,1
15793.0,61,1,291.58000000000004,0
15794.0,59,2,777.0,0
15795.0,13,1,112.95,1
15797.0,4,1,300.68,1
15798.0,4,1,366.28,1
15805.0,5,2,1154.22,1
15808.0,4,4,3844.9700000000003,1
15812.0,11,2,462.18,1
15822.0,56,1,474.32000000000005,0
15823.0,52,2,3867.17,0
15827.0,23,1,228.29999999999998,1
15833.0,60,1,80.4,0
15838.0,48,1,495.0,0
15841.0,42,2,603.75,0
15845.0,5,1,216.04,1
15850.0,49,1,106.65,0
15854.0,52,1,592.2,0
15856.0,23,5,3671.69,1
15858.0,6,3,599.3100000000001,1
15860.0,49,2,295.6,0
15861.0,3,1,413.75,1
15862.0,45,3,561.37,0
15863.0,9,2,157.75,1
15865.0,26,1,706.55,1
15867.0,9,3,1036.19,1
15874.0,24,1,614.5,1
15878.0,56,1,212.13,0
15879.0,45,1,121.04,0
15882.0,52,1,181.63,0
15884.0,59,1,236.70000000000002,0
15885.0,4,2,149.05,1
15889.0,45,2,355.05,0
15898.0,2,4,976.71,1
15903.0,17,1,39.8,1
15910.0,10,1,101.43,1
15911.0,4,4,1044.89,1
15912.0,11,4,517.54,1
15916.0,14,2,535.33,1
15917.0,45,3,288.32,0
15920.0,48,2,121.59,0
15924.0,54,1,102.82,0
15944.0,49,1,588.4,0
15945.0,16,2,351.32,1
15950.0,5,1,556.66,1
15953.0,59,1,372.20000000000005,0
15956.0,49,1,326.4,0
15959.0,5,3,542.89,1
15965.0,59,1,169.5,0
15967.0,61,1,156.71,0
15971.0,47,2,446.28,0
15983.0,49,3,1184.59,0
15984.0,12,4,1604.69,1
15989.0,60,1,140.16,0
15998.0,12,3,1727.09,1
15999.0,58,1,20.4,0
16003.0,59,1,387.87,0
16004.0,6,1,454.74,1
16011.0,42,3,537.53,0
16013.0,17,3,1660.65,1
16017.0,14,2,828.35,1
16018.0,55,1,195.78,0
16019.0,11,5,2344.41,1
16027.0,2,3,465.0,1
16029.0,2,12,13561.52,2
16047.0,5,1,107.14,1
16051.0,5,1,188.44,1
16057.0,24,1,439.28000000000003,1
16064.0,48,1,109.31,0
16085.0,11,1,255.64000000000001,1
16086.0,60,1,284.55,0
16087.0,12,1,346.36,1
16098.0,48,1,154.69,0
16103.0,23,1,200.45000000000002,1
16104.0,49,3,1174.89,0
16109.0,21,1,327.59999999999997,1
16119.0,46,1,183.4,0
16124.0,55,1,463.0,0
16125.0,7,3,1129.77,1
16126.0,10,2,432.19,1
16127.0,49,1,145.06,0
16131.0,60,1,1317.97,0
16137.0,3,1,422.7,1
16139.0,45,2,475.74,0
16143.0,53,1,300.35,0
16150.0,45,1,348.2,0
16156.0,12,3,762.97,1
16158.0,9,3,221.47,1
16159.0,59,1,317.55,0
16163.0,54,2,838.2800000000001,0
16166.0,14,1,239.84,1
16167.0,61,1,485.79,0
16168.0,53,2,369.0,0
16186.0,53,1,389.34000000000003,0
16190.0,48,1,196.92,0
16191.0,51,1,348.6,0
16192.0,58,1,351.3,0
16195.0,46,1,323.25,0
16197.0,46,1,117.30000000000001,0
16200.0,11,5,2832.26,1
16202.0,47,2,592.17,0
16204.0,54,1,213.27,0
16206.0,7,1,340.17,1
16210.0,17,6,2344.34,1
16222.0,44,1,498.50000000000006,0
16233.0,10,2,578.5,1
16253.0,12,2,1025.38,1
16255.0,7,1,297.63,1
16277.0,56,1,188.69,0
16280.0,48,1,238.05,0
16281.0,5,1,781.52,1
16282.0,41,1,270.0,0
16287.0,13,1,226.62,1
16291.0,5,1,117.72,1
16293.0,52,1,325.64,0
16296.0,24,2,690.46,1
16301.0,59,1,107.33,0
16304.0,18,1,381.66,1
16308.0,47,1,960.0,0
16320.0,4,1,823.15,1
16321.0,61,1,196.10000000000002,0
16325.0,23,3,519.64,1
16326.0,3,1,258.82,1
16327.0,9,2,1485.96,1
16329.0,61,1,250.06,0
16335.0,14,3,1023.24,1
16351.0,24,3,519.2,1
16353.0,12,6,978.1,1
16365.0,51,1,198.76999999999998,0
16366.0,3,2,908.89,1
16390.0,2,1,193.8,1
16393.0,61,1,341.02,0
16395.0,53,2,244.66,0
16400.0,54,1,559.98,0
16409.0,49,1,512.8100000000001,0
16410.0,57,1,130.32,0
16414.0,17,1,129.09,1
16422.0,7,2,1465.08,1
16430.0,4,1,104.95,1
16434.0,2,2,484.98,1
16436.0,55,2,192.45,0
16439.0,45,1,310.70000000000005,0
16442.0,49,1,155.06,0
16451.0,58,1,307.65000000000003,0
16452.0,16,1,193.68,1
16459.0,52,1,71.78999999999999,0
16467.0,25,2,1771.7,1
16470.0,51,1,191.18,0
16481.0,5,1,453.38,1
16485.0,56,1,619.24,0
16497.0,23,2,795.74,1
16510.0,14,1,635.6,1
16523.0,7,1,409.93,1
16524.0,14,1,101.3,1
16525.0,19,6,2323.39,1
16535.0,3,1,20.0,1
16541.0,58,1,424.03,0
16550.0,4,4,1699.13,1
16551.0,49,1,292.98,0
16554.0,48,1,415.49,0
16556.0,23,3,1099.2,1
16558.0,59,1,297.05,0
16560.0,45,2,898.7900000000001,0
16563.0,61,1,538.46,0
16569.0,20,2,743.6700000000001,1
16585.0,18,1,89.32,1
16592.0,7,2,609.28,1
16593.0,42,2,278.73,0
16595.0,14,1,502.59,1
16596.0,12,2,208.83,1
16600.0,44,1,310.01,0
16605.0,47,1,60.48,0
16612.0,59,1,510.87,0
16620.0,61,1,822.37,0
16634.0,11,1,303.8,1
16641.0,24,1,323.4,1
16645.0,59,1,160.39,0
16656.0,58,1,373.74,0
16660.0,17,1,141.6,1
16661.0,45,1,282.29999999999995,0
16663.0,52,1,165.0,0
16670.0,13,2,1342.64,1
16673.0,2,1,171.13,1
16684.0,14,4,6037.320000000001,1
16686.0,56,2,163.94,0
16694.0,46,1,98.30000000000001,0
16699.0,58,1,137.4,0
16700.0,6,3,1034.88,1
16701.0,45,2,722.08,0
16702.0,55,1,221.51999999999998,0
16705.0,12,3,5397.421,1
16709.0,53,1,1248.3,0
16710.0,49,3,1023.47,0
16711.0,48,2,665.64,0
16713.0,4,4,1165.37,1
16717.0,55,1,386.39,0
16718.0,56,1,647.82,0
16719.0,5,2,574.24,1
16720.0,45,1,160.07,0
16722.0,59,1,339.78,0
16723.0,58,1,426.43,0
16725.0,49,1,204.73,0
16727.0,11,1,524.9399999999999,1
16732.0,54,1,792.84,0
16735.0,10,2,861.82,1
16736.0,46,3,1671.13,0
16742.0,5,2,361.02,1
16746.0,3,5,1693.0,1
16748.0,52,1,97.5,0
16749.0,47,1,2343.72,0
16755.0,53,1,207.58,0
16763.0,61,1,352.85,0
16768.0,55,1,224.98000000000002,0
16769.0,48,2,394.46,0
16771.0,53,1,203.3,0
16772.0,23,2,2001.1,1
16773.0,56,1,137.75,0
16779.0,3,10,11447.19,2
16782.0,14,2,427.27,1
16787.0,21,1,241.54,1
16791.0,5,2,532.74,1
16792.0,27,1,211.29,1
16795.0,6,1,607.82,1
16797.0,60,1,176.88,0
16798.0,52,1,208.9,0
16802.0,2,2,582.61,1
16805.0,48,2,286.05,0
16822.0,9,1,181.39,1
16823.0,61,1,189.3,0
16830.0,49,1,300.42,0
16841.0,19,1,293.35,1
16843.0,52,1,730.59,0
16858.0,16,3,1054.46,1
16862.0,24,1,165.60000000000002,1
16867.0,13,1,76.74000000000001,1
16875.0,27,1,644.58,1
16883.0,58,1,108.95,0
16887.0,61,1,219.82,0
16888.0,24,1,200.09,1
16891.0,46,2,422.74,0
16892.0,54,1,97.55,0
16901.0,52,1,204.26,0
16905.0,3,2,335.04,1
16908.0,45,1,252.59,0
16912.0,53,1,383.8,0
16918.0,59,1,221.69,0
16933.0,11,2,1018.15,1
16940.0,54,1,656.85,0
16945.0,45,2,610.01,0
16950.0,7,1,394.6,1
16952.0,51,1,249.09,0
16954.0,13,1,443.13,1
16964.0,56,2,207.85,0
16985.0,24,3,1897.1,1
16987.0,46,2,290.91,0
17012.0,48,1,360.61,0
17017.0,59,1,277.5,0
17018.0,24,2,708.6,1
17019.0,60,1,212.66,0
17023.0,20,1,142.35,1
17027.0,52,1,139.85000000000002,0
17028.0,44,1,307.91,0
17032.0,17,2,1682.42,1
17035.0,59,1,54.6,0
17043.0,53,1,377.06,0
17044.0,55,1,990.48,0
17047.0,55,1,322.65,0
17048.0,13,1,213.53,1
17050.0,5,1,301.54,1
17056.0,61,1,128.60000000000002,0
17059.0,5,1,430.3,1
17063.0,61,1,278.61,0
17066.0,49,1,228.34,0
17067.0,48,3,454.54,0
17069.0,59,1,500.55,0
17071.0,7,1,308.01000000000005,1
17075.0,5,2,364.7,1
17076.0,58,1,67.67999999999999,0
17082.0,47,2,908.2,0
17085.0,6,4,687.24,1
17087.0,60,1,221.53,0
17091.0,46,1,276.5,0
17095.0,47,1,301.9,0
17103.0,45,1,424.3,0
17113.0,20,2,515.62,1
17115.0,3,2,1280.96,1
17127.0,58,1,137.95000000000002,0
17139.0,20,1,595.0,1
17141.0,7,2,400.59000000000003,1
17142.0,7,1,225.5,1
17147.0,21,1,249.6,1
17150.0,46,2,315.65,0
17151.0,58,1,231.90000000000003,0
17155.0,54,2,272.36,0
17157.0,46,5,1661.04,0
17160.0,10,2,1352.9,1
17165.0,19,2,702.64,1
17172.0,49,1,336.82,0
17178.0,54,1,432.96000000000004,0
17180.0,10,1,170.71,1
17182.0,41,1,178.5,0
17184.0,53,1,50.55,0
17188.0,20,2,712.51,1
17189.0,46,2,442.57,0
17191.0,2,2,537.8100000000001,1
17193.0,61,1,45.0,0
17209.0,51,2,373.20000000000005,0
17211.0,42,2,729.5500000000001,0
17213.0,14,3,1054.48,1
17218.0,6,1,387.74,1
17220.0,11,2,345.1,1
17222.0,21,1,194.25,1
17227.0,16,1,208.1,1
17230.0,45,3,3004.4900000000002,0
17231.0,13,4,767.73,1
17233.0,47,1,179.36,0
17238.0,51,3,559.9,0
17242.0,7,1,441.26,1
17243.0,9,11,4594.4800000000005,2
17244.0,56,1,260.65,0
17245.0,12,1,200.18,1
17246.0,61,1,23.48,0
17251.0,47,1,306.40000000000003,0
17262.0,47,1,169.5,0
17268.0,54,1,155.7,0
17270.0,55,1,389.62,0
17271.0,59,1,204.3,0
17287.0,49,4,465.21,0
17290.0,49,1,56.45,0
17293.0,51,2,405.04,0
17296.0,53,1,338.13,0
17307.0,11,2,381.6,1
17314.0,59,1,154.2,0
17318.0,48,1,157.32999999999998,0
17320.0,10,1,323.66,1
17322.0,59,1,114.55,0
17323.0,21,1,147.6,1
17324.0,44,1,101.03999999999999,0
17329.0,54,3,475.42,0
17335.0,7,1,143.81,1
17343.0,13,2,461.13,1
17344.0,51,1,299.74,0
17345.0,61,1,329.90999999999997,0
17351.0,10,3,447.43,1
17352.0,19,1,36.25,1
17356.0,11,1,301.58,1
17362.0,25,1,151.1,1
17364.0,16,4,1710.26,1
17368.0,47,1,191.72,0
17371.0,54,2,154.29,0
17372.0,21,4,624.14,1
17377.0,17,7,2231.64,1
17388.0,52,1,228.96,0
17389.0,58,1,908.0400000000001,0
17400.0,45,1,799.3,0
17402.0,46,2,129.7,0
17404.0,12,2,1378.45,1
17406.0,56,1,406.7,0
17409.0,10,2,1712.08,1
17411.0,59,1,344.40000000000003,0
17412.0,42,3,1126.27,0
17414.0,59,1,239.68,0
17416.0,48,1,659.4,0
17419.0,6,1,215.7,1
17421.0,58,1,130.8,0
17428.0,46,4,3204.6200000000003,0
17432.0,59,1,159.95,0
17436.0,55,1,76.5,0
17441.0,55,1,293.35,0
17449.0,53,1,283.88,0
17454.0,16,1,158.9,1
17457.0,23,2,1115.4,1
17460.0,9,1,238.78,1
17465.0,3,3,1084.8700000000001,1
17469.0,17,2,709.78,1
17476.0,60,1,260.36,0
17487.0,51,1,160.55,0
17496.0,17,1,354.66,1
17508.0,17,2,1470.22,1
17511.0,12,3,12815.9,1
17512.0,52,1,864.89,0
17519.0,9,2,610.84,1
17526.0,11,2,784.07,1
17529.0,20,1,858.27,1
17530.0,56,1,245.63,0
17536.0,5,1,34.78,1
17539.0,21,2,450.28,1
17557.0,55,1,34.0,0
17561.0,56,1,189.7,0
17572.0,48,1,62.31,0
17576.0,12,4,1117.72,1
17581.0,13,5,884.6,1
17584.0,7,1,462.05,1
17591.0,14,1,135.65,1
17592.0,61,1,148.3,0
17593.0,49,3,1887.44,0
17596.0,47,1,474.06,0
17603.0,2,2,1067.01,1
17604.0,4,1,157.08,1
17606.0,60,1,87.30000000000001,0
17610.0,6,3,1241.35,1
17611.0,7,2,934.63,1
17612.0,3,2,505.85,1
17618.0,7,1,436.35,1
17623.0,48,1,197.05,0
17624.0,42,1,316.83,0
17625.0,47,1,675.12,0
17631.0,45,2,180.85,0
17638.0,45,1,608.4000000000001,0
17642.0,57,1,281.02,0
17646.0,3,2,721.65,1
17660.0,60,1,163.47,0
17662.0,46,1,353.0,0
17672.0,5,1,114.89,1
17675.0,7,5,2044.0800000000002,1
17677.0,2,5,3677.05,1
17679.0,18,3,770.1,1
17681.0,6,2,479.2,1
17695.0,4,1,303.9,1
17696.0,41,2,636.9200000000001,0
17700.0,5,2,1084.97,1
17706.0,12,2,2278.07,1
17707.0,55,1,51.0,0
17716.0,60,1,520.2,0
17726.0,5,1,108.84,1
17739.0,20,3,1371.92,1
17740.0,20,1,60.300000000000004,1
17742.0,61,1,218.55,0
17753.0,25,1,30.45,1
17754.0,17,3,1039.81,1
17757.0,18,1,117.28,1
17764.0,59,1,187.15,0
17768.0,3,3,569.77,1
17769.0,12,1,270.8,1
17773.0,13,1,366.35,1
17776.0,46,1,207.75,0
17780.0,7,1,152.75,1
17794.0,9,2,147.3,1
17797.0,4,2,311.78,1
17799.0,9,2,948.65,1
17801.0,14,1,382.44,1
17802.0,49,2,522.95,0
17804.0,61,1,124.95,0
17807.0,27,1,189.68,1
17809.0,4,3,1415.7,1
17810.0,6,1,309.02,1
17816.0,47,1,24.63,0
17818.0,60,1,124.78,0
17819.0,39,2,1157.1,0
17825.0,48,3,437.46000000000004,0
17833.0,46,1,338.46000000000004,0
17841.0,3,15,4626.96,2
17848.0,17,2,268.67,1
17850.0,14,33,15480.18,2
17851.0,16,4,1334.46,1
17852.0,47,2,380.36,0
17853.0,59,1,584.35,0
17854.0,54,1,135.94,0
17858.0,42,2,1136.3700000000001,0
17860.0,51,2,246.94,0
17861.0,4,3,1114.19,1
17865.0,4,7,4310.4400000000005,1
17866.0,48,1,149.5,0
17867.0,5,3,126.88,1
17871.0,16,1,230.48000000000002,1
17873.0,46,2,592.76,0
17875.0,11,1,167.1,1
17880.0,53,1,171.60000000000002,0
17884.0,52,4,444.03000000000003,0
17888.0,9,2,178.74,1
17905.0,3,2,176.43,1
17908.0,48,1,398.96,0
17909.0,60,1,110.05,0
17910.0,49,1,261.7,0
17913.0,44,3,625.29,0
17916.0,56,1,25.46,0
17920.0,7,8,5641.05,2
17927.0,44,1,294.0,0
17929.0,53,1,392.4,0
17935.0,58,1,106.25,0
17940.0,5,2,4429.35,1
17941.0,25,1,414.72,1
17945.0,19,3,360.35,1
17949.0,2,17,17270.16,2
17950.0,27,1,131.95,1
17954.0,46,3,670.42,0
17958.0,51,1,465.41999999999996,0
17961.0,6,15,818.98,2
17962.0,18,1,366.23,1
17963.0,12,1,171.17,1
17965.0,25,2,1012.36,1
17966.0,13,2,381.92,1
17969.0,14,6,722.46,1
17978.0,20,2,288.05,1
17982.0,4,1,138.18,1
17984.0,61,1,212.63,0
17988.0,46,3,190.32,0
17990.0,55,1,332.70000000000005,0
17998.0,61,2,319.19,0
18001.0,60,1,176.6,0
18002.0,54,1,44.32,0
18006.0,45,1,53.55,0
18008.0,4,2,1077.6,1
18012.0,46,1,115.3,0
18016.0,4,1,201.20000000000002,1
18036.0,13,2,247.15,1
18037.0,10,5,46.4,1
18041.0,13,2,726.16,1
18051.0,4,4,1356.28,1
18057.0,13,1,297.32,1
18061.0,6,5,1184.16,1
18065.0,16,3,444.0,1
18071.0,44,2,407.55,0
18077.0,42,3,534.7,0
18087.0,23,5,1294.5,1
18092.0,40,3,2276.2200000000003,0
18094.0,24,1,854.72,1
18097.0,45,1,171.26,0
18102.0,19,15,79561.04,3
18106.0,16,2,304.31,1
18108.0,60,1,493.25,0
18115.0,20,1,9.700000000000001,1
18134.0,17,1,302.15000000000003,1
18144.0,46,1,597.5,0
18145.0,26,2,673.74,1
18162.0,55,1,371.51,0
18168.0,47,2,598.01,0
18170.0,23,1,258.39,1
18171.0,26,1,302.2,1
18172.0,52,1,233.10000000000002,0
18177.0,47,1,334.5,0
18181.0,58,1,298.99,0
18186.0,45,1,329.58000000000004,0
18190.0,2,2,268.32000000000005,1
18194.0,3,1,630.32,1
18199.0,6,1,344.75,1
18201.0,46,1,447.53000000000003,0
18203.0,54,1,109.08,0
18219.0,55,1,151.72,0
18220.0,47,1,253.64,0
18223.0,11,3,2285.29,1
18225.0,2,2,837.4,1
18229.0,12,2,660.0,1
18231.0,21,1,268.3,1
18242.0,21,1,326.54,1
18251.0,40,1,3284.88,0
18252.0,20,3,746.77,1
18259.0,3,2,662.7,1
18260.0,47,1,308.38,0
18268.0,18,2,861.82,1
18271.0,54,1,192.54999999999998,0
18275.0,54,1,372.64,0
18276.0,52,1,218.05,0
18286.0,46,1,462.95,0
